game_id,turn,side,level,harness_version,action,category,mitre,from,target,success,detected,signals_seen,recalled_lessons,reason,guardrail_blocked,outcome,text,node_states,ts
g_0042,1,red,2,,phishing,attack,T1566,internet,laptopA,True,False,,,,,,Phishing email opened on Laptop A (T1566),"{""internet"":""gray"",""router"":""blue"",""laptopA"":""red"",""laptopB"":""blue"",""server"":""blue"",""printer"":""blue"",""database"":""blue""}",2026-09-26T14:02:01Z
g_0042,1,blue,2,3,review_logins,detect,,,laptopB,True,,none,L_0107,Lesson says level 2 phishes laptops early; checking logins on Laptop B,,no_finding,Reviewed logins on Laptop B: nothing unusual,"{""internet"":""gray"",""router"":""blue"",""laptopA"":""red"",""laptopB"":""blue"",""server"":""blue"",""printer"":""blue"",""database"":""blue""}",2026-09-26T14:02:03Z
g_0042,2,red,2,,credential_dumping,attack,T1003,laptopA,laptopA,True,True,,,,,,Stole saved passwords on Laptop A (T1003),"{""internet"":""gray"",""router"":""blue"",""laptopA"":""red"",""laptopB"":""blue"",""server"":""blue"",""printer"":""blue"",""database"":""blue""}",2026-09-26T14:02:05Z
g_0042,2,blue,2,3,reset_creds,respond,,,laptopA,True,,alert:credential_access@laptopA,L_0107;L_0112,Credential theft alert on Laptop A; stolen passwords make the next hop easy,,true_catch,Reset passwords on Laptop A,"{""internet"":""gray"",""router"":""blue"",""laptopA"":""red"",""laptopB"":""blue"",""server"":""blue"",""printer"":""blue"",""database"":""blue""}",2026-09-26T14:02:07Z
g_0042,3,red,2,,lateral_movement,attack,T1021,laptopA,server,False,True,,,,,,"Laptop A -> Server: login failed, passwords were reset (T1021)","{""internet"":""gray"",""router"":""blue"",""laptopA"":""red"",""laptopB"":""blue"",""server"":""amber"",""printer"":""blue"",""database"":""blue""}",2026-09-26T14:02:09Z
g_0042,3,blue,2,3,isolate,respond,,,laptopA,True,,alert:failed_login@server;alert:credential_access@laptopA,L_0112,Attacker on Laptop A is trying to reach Server; cut it off,isolate(database) blocked: guardrail 'never isolate database',true_catch,Isolated Laptop A,"{""internet"":""gray"",""router"":""blue"",""laptopA"":""gray"",""laptopB"":""blue"",""server"":""amber"",""printer"":""blue"",""database"":""blue""}",2026-09-26T14:02:11Z
g_0042,4,red,2,,phishing,attack,T1566,internet,laptopB,False,True,,,,,,Phishing email to Laptop B was ignored (T1566),"{""internet"":""gray"",""router"":""blue"",""laptopA"":""gray"",""laptopB"":""blue"",""server"":""amber"",""printer"":""blue"",""database"":""blue""}",2026-09-26T14:02:13Z
g_0042,4,blue,2,3,scan,detect,,,server,True,,alert:failed_login@server,,Make sure the failed login on Server didn't leave anything behind,,no_finding,Scanned Server: clean,"{""internet"":""gray"",""router"":""blue"",""laptopA"":""gray"",""laptopB"":""blue"",""server"":""blue"",""printer"":""blue"",""database"":""blue""}",2026-09-26T14:02:15Z
g_0042,5,red,2,,phishing,attack,T1566,internet,laptopB,True,False,,,,,,Phishing email opened on Laptop B (T1566),"{""internet"":""gray"",""router"":""blue"",""laptopA"":""gray"",""laptopB"":""red"",""server"":""blue"",""printer"":""blue"",""database"":""blue""}",2026-09-26T14:02:17Z
g_0042,5,blue,2,3,review_logins,detect,,,laptopB,True,,anomaly:new_login_location@laptopB,L_0107,Unusual login on Laptop B right after a phishing attempt,,true_catch,Found a suspicious login on Laptop B,"{""internet"":""gray"",""router"":""blue"",""laptopA"":""gray"",""laptopB"":""red"",""server"":""blue"",""printer"":""blue"",""database"":""blue""}",2026-09-26T14:02:19Z
g_0042,6,red,2,,credential_dumping,attack,T1003,laptopB,laptopB,True,True,,,,,,Stole saved passwords on Laptop B (T1003),"{""internet"":""gray"",""router"":""blue"",""laptopA"":""gray"",""laptopB"":""red"",""server"":""blue"",""printer"":""blue"",""database"":""blue""}",2026-09-26T14:02:21Z
g_0042,6,blue,2,3,isolate,respond,,,laptopB,True,,alert:credential_access@laptopB,L_0112,Same pattern as Laptop A; isolate before it moves to Printer,,true_catch,Isolated Laptop B,"{""internet"":""gray"",""router"":""blue"",""laptopA"":""gray"",""laptopB"":""gray"",""server"":""blue"",""printer"":""blue"",""database"":""blue""}",2026-09-26T14:02:23Z
g_0042,7,red,2,,phishing,attack,T1566,internet,laptopA,False,True,,,,,,"Phishing email to Laptop A bounced, device is offline (T1566)","{""internet"":""gray"",""router"":""blue"",""laptopA"":""gray"",""laptopB"":""gray"",""server"":""blue"",""printer"":""blue"",""database"":""blue""}",2026-09-26T14:02:25Z
g_0042,7,blue,2,3,restore,respond,,,laptopA,True,,none,,Laptop A is contained; wipe and bring it back with MFA on,,recovery,Restored Laptop A from backup (MFA on),"{""internet"":""gray"",""router"":""blue"",""laptopA"":""blue"",""laptopB"":""gray"",""server"":""blue"",""printer"":""blue"",""database"":""blue""}",2026-09-26T14:02:27Z
g_0042,8,red,2,,phishing,attack,T1566,internet,laptopA,False,True,,,,,,"Phishing on Laptop A failed, MFA blocked the login (T1566)","{""internet"":""gray"",""router"":""blue"",""laptopA"":""blue"",""laptopB"":""gray"",""server"":""blue"",""printer"":""blue"",""database"":""blue""}",2026-09-26T14:02:29Z
g_0042,8,blue,2,3,restore,respond,,,laptopB,True,,alert:mfa_block@laptopA,,Red has no foothold left; restore Laptop B to finish eviction,,recovery,Restored Laptop B from backup. Red evicted.,"{""internet"":""gray"",""router"":""blue"",""laptopA"":""blue"",""laptopB"":""blue"",""server"":""blue"",""printer"":""blue"",""database"":""blue""}",2026-09-26T14:02:31Z
